DistanceKm(Km),EstimatedRange,EstimatedTotalDistance,Fefficiency,FullBatteryCapacity,PT.BattHV.Energy(kwh),Time(s),UsedCapacity(kwh)
0.000103349,0.000241126,0.000343121,11611883,4,2.7999236,1,1.2000761
0.00101532,0.002367197,0.003377772,1182551,4,2.7993303,2,1.2006688
0.002956343,0.006882759,0.009830949,406541,4,2.7981221,3,1.2018764
0.00592751,0.01377021,0.01968618,203069,4,2.7963007,4,1.2036972
0.009927165,0.022995635,0.032907905,121496,4,2.793875,5,1.2061223
0.014900855,0.034413525,0.049296726,81112,4,2.7913475,6,1.2086501
0.020564266,0.047394448,0.067939171,58859,4,2.7895885,7,1.2104102
0.026528225,0.061089081,0.087597941,45653,4,2.7888995,8,1.2111002
0.032459601,0.074749728,0.10718945,37310,4,2.7889125,9,1.2110876
0.038220483,0.088022123,0.12622582,31685,4,2.788981,10,1.211019
0.043828222,0.10093037,0.14473844,27632,4,2.7889078,11,1.2110921
0.049341451,0.11359096,0.16291768,24550,4,2.7886577,12,1.2113419
0.054818521,0.12614332,0.18094498,22104,4,2.7882716,13,1.211728
0.060299836,0.13868309,0.19896367,20102,4,2.7878071,14,1.2121924
0.06580501,0.15125438,0.21704569,18428,4,2.7873153,15,1.2126842
0.071337511,0.16387334,0.23519569,17006,4,2.7868295,16,1.21317
0.076891445,0.17654233,0.25341706,15783,4,2.7863672,17,1.2136324
0.082457284,0.18922306,0.27166196,14723,4,2.7859307,18,1.2140689
0.088026515,0.20190735,0.28991369,13796,4,2.7855134,19,1.2144862
0.093593661,0.21456908,0.30814067,12980,4,2.7851062,20,1.2148934
0.099156407,0.22721131,0.32634366,12256,4,2.7847014,21,1.2152981
0.10471472,0.23983934,0.34452788,11609,4,2.7842945,22,1.2157051
0.11026985,0.25243776,0.3626792,11028,4,2.7838832,23,1.2161164
0.1158234,0.26501648,0.38083437,10503,4,2.7834677,24,1.2165319
0.12137671,0.27758325,0.39895445,10026,4,2.7830493,25,1.2169503
0.12693054,0.29015954,0.41705431,9590,4,2.7826295,26,1.2173701
0.13248518,0.30271026,0.435157,9191,4,2.7822096,27,1.21779
0.13804057,0.31521708,0.45325213,8825,4,2.7817903,28,1.2182093
0.14359645,0.3277601,0.47135104,8486,4,2.7813718,29,1.2186278
0.14915257,0.34026117,0.48940823,8173,4,2.7809541,30,1.2190455
0.1547087,0.35277054,0.50747374,7882,4,2.780537,31,1.2194626
0.16026473,0.36527666,0.52553589,7611,4,2.7801202,32,1.2198794
0.16582061,0.37772849,0.54354361,7359,4,2.7797036,33,1.220296
0.17137637,0.39023973,0.56155582,7122,4,2.7792869,34,1.2207127
0.17693205,0.40267652,0.57960307,6901,4,2.7788703,35,1.2211293
0.18248768,0.41512834,0.59754852,6693,4,2.7784536,36,1.221546
0.18804332,0.42752191,0.61555974,6498,4,2.778037,37,1.2219626
0.19359899,0.43998429,0.63350811,6313,4,2.7776204,38,1.2223792
0.1991547,0.4523871,0.65146263,6139,4,2.777204,39,1.2227956
0.20471042,0.46473442,0.66943935,5975,4,2.7767878,40,1.2232118
0.21026613,0.47712186,0.6873825,5819,4,2.7763717,41,1.2236279
0.21582182,0.48950029,0.70531662,5671,4,2.7759557,42,1.2240439
0.22137749,0.50181527,0.72318727,5531,4,2.7755398,43,1.2244598
0.22693313,0.5141976,0.74112525,5397,4,2.775124,44,1.2248756
0.23248876,0.52651019,0.75899347,5270,4,2.7747083,45,1.2252913
0.23804436,0.53880228,0.77684117,5149,4,2.7742925,46,1.2257071
0.24359992,0.55113791,0.79473236,5033,4,2.7738767,47,1.2261229
0.24915539,0.56348253,0.81263245,4922,4,2.7734606,48,1.226539
0.25471068,0.57567871,0.83038392,4817,4,2.7730439,49,1.2269557
0.26026533,0.58804356,0.84830342,4715,4,2.772625,50,1.2273746
0.26581845,0.60030339,0.86598642,4618,4,2.7722006,51,1.2277989
0.27137328,0.61254774,0.88378022,4525,4,2.7717781,52,1.2282215
0.27693128,0.62474361,0.90166942,4436,4,2.7713622,53,1.2286374
0.28249101,0.63700064,0.91948618,4350,4,2.7709524,54,1.2290472
0.28805432,0.64914621,0.93719506,4268,4,2.7705556,55,1.229444
0.29361757,0.66145347,0.95506557,4188,4,2.7701667,56,1.2298329
0.29917468,0.67358274,0.97275196,4112,4,2.7697718,57,1.2302278
0.30472067,0.6858229,0.99053814,4038,4,2.7693524,58,1.2306471
0.31025286,0.69780496,1.0080524,3968,4,2.7688896,59,1.2311099
0.31577166,0.70983818,1.0256045,3900,4,2.7683683,60,1.2316311
0.32129439,0.72165109,1.0427522,3835,4,2.7675306,61,1.2324681
0.32715744,0.73212974,1.0592819,3776,4,2.7645181,62,1.2354781
0.33389495,0.74365791,1.0775468,3712,4,2.7604538,63,1.2395418
0.34153542,0.75669028,1.0982189,3642,4,2.7558611,64,1.244134
0.35005282,0.77095243,1.1209978,3568,4,2.7507529,65,1.2492417
0.35941941,0.78635064,1.1457619,3491,4,2.7451442,66,1.2548499
0.36960622,0.80300731,1.1726048,3411,4,2.7390516,67,1.2609421
0.38058357,0.82057028,1.2011445,3330,4,2.7324923,68,1.267501
0.39232153,0.83912898,1.2314406,3248,4,2.7254837,69,1.2745091
0.40479051,0.85851263,1.2630216,3166,4,2.7180433,70,1.281949
0.41796169,0.87850768,1.2964585,3085,4,2.7101881,71,1.2898038
0.4318076,0.89884989,1.3306461,3006,4,2.7019343,72,1.2980572
0.44630253,0.92015914,1.3664499,2927,4,2.693297,73,1.3066942
0.46142301,0.94152897,1.4029398,2851,4,2.6842899,74,1.3157009
0.47714809,0.96324622,1.4403817,2777,4,2.6749252,75,1.3250653
0.49344998,0.98572261,1.4791597,2704,4,2.6653841,76,1.3346061
0.51030796,1.0086985,1.5189923,2633,4,2.6558952,77,1.3440968
0.52754118,1.0336409,1.561168,2562,4,2.6481798,78,1.351812
0.54508217,1.0580224,1.6030902,2495,4,2.6397575,79,1.3602341
0.56293584,1.0830333,1.6459542,2430,4,2.6317634,80,1.3682291
0.58101228,1.1093764,1.6903732,2366,4,2.624778,81,1.3752155
0.59920036,1.1361375,1.7353221,2305,4,2.6187915,82,1.381203
0.61740972,1.1642245,1.7816181,2245,4,2.6136792,83,1.386316
0.63557692,1.1924636,1.8280245,2188,4,2.6091059,84,1.3908896
0.65369101,1.2205388,1.8742138,2134,4,2.6046254,85,1.3953701
0.67176549,1.2492138,1.9209621,2082,4,2.6008611,86,1.3991368
0.68958203,1.2825406,1.9721048,2028,4,2.6009929,87,1.3990077
0.70615883,1.3138837,2.0200269,1980,4,2.6014901,88,1.3985103
0.720434,1.3411898,2.0616103,1940,4,2.6019085,89,1.3980918
0.73310465,1.3653077,2.0983999,1906,4,2.6022768,90,1.3977236
0.74508484,1.3880616,2.1331346,1875,4,2.6026158,91,1.3973845
0.75673645,1.4089139,2.1656393,1847,4,2.6022632,92,1.397736
0.7682482,1.4283461,2.1965836,1821,4,2.6010167,93,1.3989818
0.77976073,1.4473143,2.2270645,1796,4,2.5993748,94,1.4006235
0.79133692,1.4659705,2.2572967,1772,4,2.5976982,95,1.4023002
0.80298853,1.4852425,2.2882201,1748,4,2.5962026,96,1.4037961
0.81470028,1.5052107,2.3198999,1724,4,2.5949822,97,1.4050167
0.82644788,1.5250187,2.3514553,1701,4,2.5940561,98,1.4059431
0.83820838,1.5455246,2.3837215,1678,4,2.5933897,99,1.4066097
0.849966,1.5667256,2.41668,1655,4,2.5929304,100,1.4070692
0.8617131,1.5876489,2.4493504,1633,4,2.5926304,101,1.4073694
0.87344844,1.6092222,2.482659,1611,4,2.5924569,102,1.407543
0.88517451,1.6304364,2.5155992,1590,4,2.5923939,103,1.4076061
0.89689509,1.6522842,2.5491675,1569,4,2.592434,104,1.4075661
0.90861364,1.6747892,2.5823098,1548,4,2.5925738,105,1.4074263
0.92033247,1.6968711,2.6160818,1528,4,2.5928193,106,1.407181
0.93205338,1.7184565,2.6504979,1509,4,2.5931511,107,1.4068492
0.94377266,1.7405958,2.6843565,1490,4,2.5934881,108,1.4065123
0.95547549,1.7633063,2.7187699,1471,4,2.593824,109,1.4061764
0.96718103,1.7853814,2.7525505,1453,4,2.5941596,110,1.4058408
0.97889019,1.8080103,2.7868885,1435,4,2.5944951,111,1.4055053
0.9906011,1.8299225,2.8205117,1418,4,2.5948305,112,1.4051699
1.0023126,1.8523665,2.8546672,1401,4,2.5951658,113,1.4048345
1.0140241,1.8740078,2.8880199,1385,4,2.5955011,114,1.4044992
1.0257349,1.897541,2.9232639,1368,4,2.5958364,115,1.404164
1.037445,1.9188257,2.9562587,1353,4,2.5961716,116,1.4038288
1.049154,1.9420392,2.9911812,1337,4,2.5965067,117,1.4034936
1.060862,1.9643279,3.0251779,1322,4,2.5968418,118,1.4031585
1.0725687,1.9871282,3.0596849,1307,4,2.5971769,119,1.4028234
1.0842742,2.008903,3.0931652,1293,4,2.5975119,120,1.4024884
1.0959783,2.0311545,3.1271208,1279,4,2.5978469,121,1.4021534
1.1076814,2.0538985,3.1615679,1265,4,2.5981819,122,1.4018184
1.1193837,2.0754924,3.1948642,1252,4,2.5985169,123,1.4014835
1.131085,2.0992338,3.2303069,1238,4,2.5988518,124,1.4011485
1.1427855,2.1217848,3.2645584,1225,4,2.5991868,125,1.4008136
1.1544851,2.1430514,3.2975245,1213,4,2.5995217,126,1.4004786
1.1661063,2.1665445,3.3326391,1200,4,2.5998537,127,1.4001466
1.1774529,2.1887017,3.366143,1188,4,2.6001779,128,1.3998224
1.1886524,2.2094291,3.39807,1177,4,2.6004984,129,1.399502
1.1998055,2.2305466,3.4303408,1166,4,2.6008177,130,1.3991826
1.2109284,2.2520052,3.4629223,1155,4,2.6010661,131,1.398934
1.2220171,2.2736932,3.4956994,1144,4,2.601105,132,1.398895
1.2330821,2.2935709,3.5266423,1134,4,2.6009091,133,1.3990906
1.244137,2.3136005,3.5577269,1124,4,2.6004865,134,1.399513
1.2551941,2.3317262,3.5869099,1115,4,2.599874,135,1.4001253
1.2662615,2.3500151,3.6162663,1106,4,2.5991159,136,1.4008833
1.2773427,2.3685076,3.64584,1097,4,2.5982519,137,1.4017472
1.2884374,2.3872374,3.6756646,1088,4,2.5973133,138,1.4026857
1.2995439,2.4040033,3.7035371,1080,4,2.5963226,139,1.4036764
1.3106599,2.4232467,3.7338965,1071,4,2.5952962,140,1.4047028
1.3218028,2.4371731,3.7589704,1064,4,2.5931469,141,1.4068478
1.3335382,2.4397548,3.7732876,1060,4,2.5861327,142,1.4138599
1.3462557,2.4440921,3.7903421,1055,4,2.5785093,143,1.4214828
1.3599538,2.4455988,3.8055464,1051,4,2.5703158,144,1.4296757
1.3746336,2.4489055,3.8235326,1046,4,2.5615461,145,1.4384448
1.3903011,2.451684,3.8419782,1041,4,2.5521934,146,1.447797
1.4069668,2.4539858,3.8609448,1036,4,2.5423195,147,1.4576707
1.4245797,2.4624111,3.8869796,1029,4,2.5338138,148,1.466179
1.4428773,2.4785599,3.9214231,1020,4,2.5281265,149,1.4718689
1.4615969,2.5017786,3.9633594,1009,4,2.5242917,150,1.4757054
1.4805127,2.5313482,4.0118414,997,4,2.5237547,151,1.4762458
1.4992515,2.5653741,4.0646065,984,4,2.5243287,152,1.4756719
1.5175655,2.5976044,4.1151511,972,4,2.524872,153,1.4751285
1.5356739,2.6305274,4.1661831,960,4,2.5253064,154,1.4746937
1.5536464,2.6606094,4.2142388,949,4,2.5249175,155,1.4750817
1.5715454,2.6874937,4.2590231,939,4,2.5235548,156,1.4764435
1.5894175,2.7111103,4.3005128,930,4,2.52133,157,1.4786674
1.6072887,2.7343742,4.3416487,921,4,2.5183554,158,1.4816413
1.6251779,2.7544318,4.379596,913,4,2.5147925,159,1.4852037
1.6431008,2.7713602,4.4144476,906,4,2.5108483,160,1.4891476
1.6610663,2.7914695,4.4525223,898,4,2.5067354,161,1.4932604
1.6790779,2.8088089,4.4878732,891,4,2.5026447,162,1.4973513
1.6971372,2.8266627,4.5237861,884,4,2.4987661,163,1.5012302
1.7152411,2.8452282,4.5604548,877,4,2.4952618,164,1.5047349
1.733388,2.8680031,4.601376,869,4,2.492292,165,1.5077053
1.7515657,2.8885452,4.6400951,862,4,2.4899238,166,1.5100741
1.7697493,2.9134311,4.6831641,854,4,2.4880685,167,1.5119299
1.7879136,2.9392059,4.7271025,846,4,2.486567,168,1.5134318
1.805967,2.9711558,4.7771043,837,4,2.4868579,169,1.5131426
1.8227826,3.000417,4.8231834,829,4,2.4873462,170,1.5126543
1.8380618,3.0265063,4.8645525,822,4,2.4877886,171,1.5122118
1.8529129,3.049031,4.9019297,816,4,2.4880091,172,1.5119907
1.8675322,3.0704321,4.9379517,810,4,2.4870484,173,1.51295
1.8820985,3.0865481,4.9686365,805,4,2.4846679,174,1.5153287
1.8968973,3.0949671,4.9918602,801,4,2.4790603,175,1.5209314
1.9124583,3.0871886,4.9996428,800,4,2.4697412,176,1.5302492
1.9289831,3.0825563,5.0115349,798,4,2.4598699,177,1.5401201
1.9464264,3.0827001,5.0291185,795,4,2.4507386,178,1.5492534
1.9645377,3.0903035,5.0548288,791,4,2.4444252,179,1.5555699
1.9829714,3.1055567,5.0885125,786,4,2.4409652,180,1.5590324
2.001454,3.1314849,5.1329216,779,4,2.4394257,181,1.5605733
2.0198314,3.1589312,5.1787451,772,4,2.4386942,182,1.5613051
2.0380562,3.1827104,5.2207496,766,4,2.4379553,183,1.5620438
2.0561466,3.2062794,5.26241,760,4,2.4367709,184,1.5632276
2.074151,3.2294663,5.3036021,754,4,2.4350156,185,1.5649824
2.0921203,3.2480463,5.3401519,749,4,2.4327843,186,1.5672133
2.110093,3.2708746,5.3809531,743,4,2.4302572,187,1.5697402
2.128089,3.2894416,5.4175162,738,4,2.4276052,188,1.5723921
2.1461135,3.3082606,5.4543597,733,4,2.4249524,189,1.575045
2.1641538,3.3286096,5.4927439,728,4,2.4232285,190,1.5767722
2.1818677,3.3570166,5.5388668,722,4,2.4237665,191,1.576234
2.1976454,3.3810666,5.5786966,717,4,2.4242252,192,1.5757752
2.2118922,3.4053881,5.617266,712,4,2.4246367,193,1.5753637
2.2252039,3.4300128,5.6552032,707,4,2.4250194,194,1.574981
2.237789,3.4500412,5.6878176,703,4,2.4253793,195,1.5746211
2.2495186,3.470264,5.7197706,699,4,2.4257149,196,1.5742855
2.2609149,3.485057,5.7459621,696,4,2.4255987,197,1.5744004
2.2722609,3.4977417,5.7699943,693,4,2.4239329,198,1.576065
2.2837759,3.5045801,5.7883472,691,4,2.4216628,199,1.5783352
2.2954485,3.518013,5.8134507,688,4,2.4203923,200,1.579607
2.3070735,3.5382107,5.8452727,684,4,2.4201361,201,1.5798639
2.3185189,3.553652,5.8721599,681,4,2.4200368,202,1.579963
2.3297645,3.568696,5.8984504,678,4,2.4195752,203,1.5804241
2.3408637,3.5829333,5.9237881,675,4,2.4184786,204,1.58152
2.3519006,3.591045,5.9429375,673,4,2.4167714,205,1.5832267
2.3629409,3.6039272,5.9668605,670,4,2.4146289,206,1.5853688
2.3740194,3.6111134,5.9851255,668,4,2.4122213,207,1.5877762
2.3851475,3.6180411,6.0031814,666,4,2.4096127,208,1.5903846
2.3963304,3.6248049,6.0211283,664,4,2.4068677,209,1.5931296
2.4075571,3.6316281,6.039178,662,4,2.4041351,210,1.5958622
2.4187917,3.6386537,6.0574382,660,4,2.4015088,211,1.5984886
2.4300051,3.6457206,6.0757185,658,4,2.3988815,212,1.6011159
2.4411884,3.6526985,6.0938801,656,4,2.3961675,213,1.6038298
2.4523474,3.6539319,6.1062727,655,4,2.3933225,214,1.6066746
2.4634936,3.6605634,6.1240506,653,4,2.3903449,215,1.6096521
2.474637,3.6671114,6.1417419,651,4,2.3872864,216,1.6127105
2.4857756,3.668036,6.1538052,650,4,2.3842203,217,1.6157766
2.4969051,3.6745821,6.1714809,648,4,2.3811261,218,1.6188708
2.5080266,3.6811,6.1891204,646,4,2.3779875,219,1.6220094
2.5191443,3.6818762,6.2010142,645,4,2.3748069,220,1.6251899
2.5302611,3.6883658,6.2186208,643,4,2.371616,221,1.6283808
2.5413773,3.6891377,6.2305089,642,4,2.3684232,222,1.6315736
2.5524938,3.6956837,6.2481713,640,4,2.3652344,223,1.6347624
2.5636117,3.7022894,6.2658949,638,4,2.3620574,224,1.6379394
2.5747321,3.7031548,6.2778807,637,4,2.3589065,225,1.6410904
2.5858539,3.7099432,6.2957908,635,4,2.3558108,226,1.6441861
2.5969741,3.7110027,6.3079705,634,4,2.3527727,227,1.6472243
2.6080921,3.7180244,6.3261101,632,4,2.3497885,228,1.6502086
2.6192091,3.7192747,6.3384773,631,4,2.3468594,229,1.6531377
2.6303273,3.7265444,6.3568651,629,4,2.3439936,230,1.6560036
2.6414487,3.7339837,6.3754256,627,4,2.341205,231,1.6587922
2.6525743,3.735643,6.3882104,626,4,2.3385098,232,1.6614875
2.6637042,3.7434739,6.407171,624,4,2.3359252,233,1.6640723
2.674837,3.7455324,6.4203621,623,4,2.3334643,234,1.6665333
2.6859704,3.7538405,6.4398034,621,4,2.3311327,235,1.6688651
2.6971018,3.7624108,6.4595049,619,4,2.3289301,236,1.6710677
2.7082292,3.7712482,6.4794694,617,4,2.3268581,237,1.6731399
2.7193505,3.7803561,6.4996985,615,4,2.3249171,238,1.675081
2.7304641,3.7835638,6.5140196,614,4,2.3231064,239,1.6768918
2.7415692,3.7931753,6.5347361,612,4,2.3214216,240,1.6785767
2.7526664,3.8030474,6.5557052,610,4,2.3198574,241,1.6801411
2.7637572,3.8131769,6.5769254,608,4,2.3184102,242,1.6815884
2.774844,3.8235667,6.5984017,606,4,2.3170801,243,1.6829186
2.7859289,3.8342246,6.6201443,604,4,2.3158705,244,1.6841284
2.7970136,3.8451609,6.6421652,602,4,2.3147858,245,1.6852131
2.8080991,3.8563863,6.6644758,600,4,2.3138309,246,1.6861682
2.8191858,3.8679095,6.6870855,598,4,2.3130091,247,1.6869901
2.8302735,3.879736,6.7099994,596,4,2.312322,248,1.6876774
2.8413614,3.891866,6.7332171,594,4,2.3117679,249,1.6882316
2.8524486,3.904296,6.7567341,592,4,2.3113429,250,1.6886568
2.8635346,3.9236713,6.7871952,589,4,2.3110421,251,1.6889576
2.874619,3.9367313,6.8113395,587,4,2.3108612,252,1.6891387
2.8857019,3.9500793,6.8357701,585,4,2.3107964,253,1.6892036
2.8967835,3.9637061,6.8604784,583,4,2.3108407,254,1.6891594
2.9078642,3.9844587,6.8923115,580,4,2.3109862,255,1.6890139
2.9189443,3.998671,6.9176037,578,4,2.3112321,256,1.6887682
2.930025,4.0131054,6.9431187,576,4,2.311549,257,1.6884513
2.9411006,4.0346722,6.9757611,573,4,2.3118675,258,1.6881328
2.9521575,4.0493601,7.001506,571,4,2.3121849,259,1.6878154
2.9632041,4.0641502,7.0273428,569,4,2.3125018,260,1.6874985
2.974246,4.0790442,7.0532786,567,4,2.3128184,261,1.6871819
2.9852858,4.0940433,7.0793175,565,4,2.3131348,262,1.6868655
2.9963246,4.1164605,7.1127735,562,4,2.3134511,263,1.6865492
3.0073626,4.1317269,7.1390779,560,4,2.3137674,264,1.6862329
3.0183999,4.1471026,7.1654909,558,4,2.3140836,265,1.6859167
3.0294364,4.1625889,7.1920137,556,4,2.3143997,266,1.6856006
3.0404721,4.1781869,7.2186473,554,4,2.3147158,267,1.6852845
3.0515068,4.1938978,7.245393,552,4,2.3150319,268,1.6849684
3.0625404,4.209723,7.2722518,550,4,2.315348,269,1.6846524
3.073573,4.2256636,7.299225,548,4,2.315664,270,1.6843364
3.0846046,4.2495039,7.3340969,545,4,2.3159799,271,1.6840204
3.0956352,4.2657377,7.3613612,543,4,2.3162959,272,1.6837044
3.106665,4.2820914,7.3887448,541,4,2.3166118,273,1.6833885
3.1176941,4.2985666,7.4162491,539,4,2.3169277,274,1.6830726
3.1287225,4.3151644,7.4438753,537,4,2.3172436,275,1.6827567
3.1397501,4.3318863,7.4716248,535,4,2.3175595,276,1.6824408
3.1507769,4.3487337,7.499499,533,4,2.3178754,277,1.6821249
3.1618017,4.3657079,7.527498,531,4,2.3181912,278,1.6818091
3.1728251,4.3828104,7.5556238,529,4,2.318507,279,1.6814933
3.1838485,4.3917093,7.5755461,528,4,2.3188228,280,1.6811775
3.1948712,4.4090081,7.6038677,526,4,2.3191386,281,1.6808617
3.2058809,4.4263453,7.6322149,524,4,2.3194051,282,1.6805951
3.2168648,4.4435196,7.6603734,522,4,2.3195173,283,1.6804827
3.2278252,4.4604247,7.6882394,520,4,2.3194206,284,1.6805792
3.2387729,4.4770271,7.7157899,518,4,2.3190996,285,1.6809
3.2497195,4.484685,7.7343947,517,4,2.3185815,286,1.6814179
3.2606739,4.5007884,7.7614529,515,4,2.3179053,287,1.682094
3.2716407,4.5079974,7.7796287,514,4,2.3171098,288,1.6828893
3.2826206,4.5238833,7.8064947,512,4,2.3162273,289,1.6837717
3.2936308,4.5288851,7.8225162,511,4,2.3142553,290,1.6857397
3.3052342,4.5065784,7.8118147,512,4,2.3073609,291,1.6926318
3.3178278,4.4918495,7.8096795,512,4,2.2998191,292,1.700173
3.3314013,4.4760069,7.8074105,512,4,2.2917071,293,1.7082845
3.3459458,4.4503592,7.7963074,513,4,2.2830253,294,1.7169658
3.3614575,4.4323244,7.7937845,513,4,2.2737729,295,1.7262176
3.3779358,4.4131802,7.7911186,513,4,2.2639514,296,1.7360386
3.3953551,4.3866898,7.7820425,514,4,2.2547505,297,1.7452414
3.4135003,4.3823763,7.7958685,513,4,2.2481536,298,1.7518409
3.4321038,4.390621,7.8227139,511,4,2.2436033,299,1.7563927
3.4510041,4.4027362,7.8537213,509,4,2.2409925,300,1.7590073
3.4699054,4.4299371,7.8998226,506,4,2.2415487,301,1.7584518
3.4884195,4.4574568,7.9458569,503,4,2.2421013,302,1.7578992
3.5066166,4.4763137,7.9829111,501,4,2.2426337,303,1.7573668
3.5246719,4.5038203,8.0284744,498,4,2.2429024,304,1.7570975
3.5426345,4.5209639,8.0635823,496,4,2.2423972,305,1.7576019
3.5605546,4.5459537,8.1064937,493,4,2.2411536,306,1.7588448
3.5784615,4.5513306,8.1297787,492,4,2.2392525,307,1.7607454
3.5963657,4.5647536,8.1611072,490,4,2.2367265,308,1.7632707
3.6142714,4.577064,8.1913245,488,4,2.2336039,309,1.7663928
3.6321898,4.5790418,8.2112214,487,4,2.2299895,310,1.7700067
3.6501341,4.5898024,8.2399269,485,4,2.2260501,311,1.7739458
3.6681147,4.5908692,8.2589744,484,4,2.2219766,312,1.7780193
3.6861387,4.5920572,8.2781861,483,4,2.2179597,313,1.7820363
3.7042092,4.5937662,8.2979648,482,4,2.2141917,314,1.7858047
3.7223254,4.6059385,8.3282522,480,4,2.2108474,315,1.7891495
3.7404845,4.6097762,8.3502477,479,4,2.2080803,316,1.7919172
3.7586676,4.6245411,8.3831945,477,4,2.2059042,317,1.7940939
3.7768475,4.6403992,8.4172318,475,4,2.204188,318,1.7958104
3.7949911,4.658349,8.453321,473,4,2.2033996,319,1.7966009
3.8125351,4.6792203,8.4917382,471,4,2.2039132,320,1.7960873
3.8271849,4.7000725,8.5272431,469,4,2.2043344,321,1.795666
3.8398502,4.7209806,8.560818,467,4,2.2046983,322,1.7953021
3.8517431,4.7314564,8.583189,466,4,2.2048582,323,1.7951413
3.8635042,4.7386213,8.6021186,465,4,2.2034568,324,1.7965411
3.8754205,4.7419416,8.6173587,464,4,2.2002569,325,1.7997391
3.8877455,4.7432737,8.6310138,463,4,2.1961322,326,1.8038643
3.9003791,4.7506214,8.6509868,462,4,2.1947874,327,1.8052129
3.9128613,4.7617585,8.6746068,461,4,2.1951711,328,1.8048293
3.9249908,4.7832891,8.7082672,459,4,2.1955301,329,1.8044703
3.9368633,4.794042,8.7308941,458,4,2.1956711,330,1.8043288
3.9485772,4.803738,8.7523045,457,4,2.1953078,331,1.8046917
3.9601924,4.8236499,8.783832,455,4,2.1947601,332,1.8052393
3.9717357,4.8328021,8.8045279,454,4,2.1940915,333,1.8059078
3.9832259,4.8418137,8.8250299,453,4,2.1933408,334,1.8066584
3.9946755,4.8507626,8.8454284,452,4,2.1925439,335,1.8074553
4.0060789,4.8602344,8.8663027,451,4,2.1919653,336,1.8080343
4.0173817,4.870443,8.887814,450,4,2.1916991,337,1.8083007
4.0285562,4.8915518,8.9200977,448,4,2.1914148,338,1.8085848
4.0396244,4.9013162,8.9409312,447,4,2.1908877,339,1.8091117
4.0506388,4.9104341,8.9610641,446,4,2.1900527,340,1.8099464
4.0616462,4.9191364,8.9807741,445,4,2.1890146,341,1.8109843
4.072673,4.927669,9.0003336,444,4,2.1878839,342,1.812115
4.0837277,4.9250969,9.0088161,444,4,2.1867419,343,1.813257
4.0948072,4.9337157,9.0285143,443,4,2.185635,344,1.8143639
4.1059032,4.9424728,9.0483672,442,4,2.1845719,345,1.815427
4.1170089,4.9513191,9.0683192,441,4,2.1835307,346,1.8164683
4.128121,4.9602328,9.0883451,440,4,2.1825014,347,1.8174976
4.1392373,4.9692022,9.1084307,439,4,2.1814788,348,1.8185202
4.1503568,4.9782248,9.1285728,438,4,2.1804614,349,1.8195375
4.1614793,4.9873056,9.1487761,437,4,2.1794516,350,1.8205474
4.172604,4.9964509,9.1690461,436,4,2.1784516,351,1.8215474
4.1837299,5.0056614,9.1893824,435,4,2.1774617,352,1.8225373
4.1948559,5.0149336,9.2097807,434,4,2.1764802,353,1.8235188
4.2059817,5.0242626,9.2302354,433,4,2.1755047,354,1.8244943
4.2171067,5.0336441,9.2507419,432,4,2.1745333,355,1.8254658
4.2282312,5.0430722,9.2712945,431,4,2.1735632,356,1.8264359
4.2393553,5.0408233,9.2801696,431,4,2.1725939,357,1.8274052
4.2504661,5.0508796,9.3013357,430,4,2.1718777,358,1.8281218
4.2614969,5.0617186,9.3232055,429,4,2.1714769,359,1.8285227
4.2724191,5.072289,9.3446989,428,4,2.170939,360,1.8290603
4.2832884,5.0822606,9.3655403,427,4,2.1701243,361,1.8298747
4.2941519,5.0918567,9.3860002,426,4,2.1691299,362,1.830869
4.3050337,5.1012972,9.4063226,425,4,2.1680502,363,1.8319487
4.3159253,5.1105758,9.4264931,424,4,2.1668829,364,1.8331159
4.3268114,5.119576,9.4463798,423,4,2.1655793,365,1.8344194
4.3376858,5.1160717,9.4537503,423,4,2.1640967,366,1.8359017
4.3485501,5.124212,9.4727555,422,4,2.1624157,367,1.8375825
4.3594099,5.1319243,9.4913281,421,4,2.1605382,368,1.8394599
4.3702707,5.1270357,9.4973006,421,4,2.1584799,369,1.841518
4.3811366,5.1339617,9.5150928,420,4,2.1562616,370,1.8437361
4.3920094,5.1283485,9.5203528,420,4,2.153904,371,1.8460936
4.4028896,5.1346705,9.5375553,419,4,2.1514244,372,1.8485731
4.4137764,5.1284953,9.5422671,419,4,2.1488369,373,1.8511605
4.42467,5.1215813,9.546253,419,4,2.1459381,374,1.8540574
4.4358798,5.1059031,9.5417878,419,4,2.1393665,375,1.8606266
4.4477477,5.0889943,9.5367472,419,4,2.1322813,376,1.8677114
4.4602584,5.0591206,9.5193843,420,4,2.124823,377,1.8751693
4.4733933,5.0404921,9.5138911,420,4,2.1169987,378,1.8829933
4.4871366,5.0090855,9.4962279,421,4,2.1088166,379,1.891175
4.5014765,4.9769936,9.4784761,422,4,2.1002826,380,1.8997087
4.5164021,4.9559509,9.4723592,422,4,2.0914022,381,1.9085887
4.531904,4.9224354,9.4543458,423,4,2.0821808,382,1.9178098
4.5479765,4.8998368,9.44782,423,4,2.0726213,383,1.927369
4.5646172,4.864941,9.429565,424,4,2.0627249,384,1.937265
4.5818269,4.8294151,9.411249,425,4,2.052491,385,1.9474986
4.5996082,4.8045371,9.4041525,425,4,2.0419175,386,1.9580717
4.6179685,4.7676326,9.3856085,426,4,2.0310004,387,1.9689885
4.6369259,4.7300701,9.3670036,427,4,2.0197285,388,1.9802601
4.6564994,4.70285,9.359357,427,4,2.0081052,389,1.9918831
4.6767029,4.664488,9.3411978,428,4,1.9963891,390,2.0035991
4.6975308,4.6263081,9.3238451,429,4,1.9846744,391,2.0153138
4.7189776,4.5990027,9.3179858,429,4,1.9729604,392,2.0270278
4.7410398,4.5719314,9.3129716,429,4,1.9613484,393,2.0386414
4.7634372,4.5767736,9.3401868,428,4,1.9588598,394,2.0411409
4.7848187,4.5998267,9.3846238,426,4,1.9595268,395,2.0404738
4.8035972,4.6228514,9.4264298,424,4,1.9600895,396,2.039911
4.8200808,4.6349244,9.4549885,423,4,1.9605735,397,2.039427
4.834944,4.6579677,9.4928965,421,4,1.9610048,398,2.0389956
4.8486965,4.6700021,9.5186844,420,4,1.9614013,399,2.0385991
4.8616738,4.6820374,9.5436976,419,4,1.961774,400,2.0382263
4.8741088,4.6940917,9.5681874,418,4,1.9621307,401,2.0378697
4.8862112,4.7174937,9.6036921,416,4,1.9624777,402,2.0375226
4.898115,4.7296834,9.6277858,415,4,1.962819,403,2.0371814
4.9097944,4.7419151,9.6516972,414,4,1.9631532,404,2.0368472
4.9211264,4.7541824,9.6752967,413,4,1.9634776,405,2.0365227
4.9323152,4.7665003,9.6988036,412,4,1.9637984,406,2.0362019
4.9434905,4.7788776,9.7223561,411,4,1.964119,407,2.0358813
4.9546666,4.7913151,9.7459698,410,4,1.9644395,408,2.0355608
4.9658319,4.8038126,9.7696326,409,4,1.9647597,409,2.0352406
4.9769856,4.8163705,9.7933442,408,4,1.9650795,410,2.0349208
4.9881288,4.8289893,9.8171062,407,4,1.965399,411,2.0346013
4.9992634,4.8416696,9.8409211,406,4,1.9657182,412,2.0342821
5.0103905,4.854412,9.8647906,405,4,1.9660372,413,2.0339631
5.0215118,4.867217,9.8887168,404,4,1.966356,414,2.0336443
5.0326289,4.8680057,9.9006227,404,4,1.9666746,415,2.0333257
5.0437438,4.8808757,9.9246076,403,4,1.9669932,416,2.0330071
5.0548578,4.8938096,9.9486555,402,4,1.9673118,417,2.0326885
5.0659727,4.9068081,9.9727688,401,4,1.9676304,418,2.03237
5.0770879,4.9198716,9.9969476,400,4,1.967949,419,2.0320514
5.0882014,4.9330004,10.02119,399,4,1.9682675,420,2.0317329
5.0993013,4.9461941,10.045483,398,4,1.9685856,421,2.0314148
5.1103879,4.9594533,10.069829,397,4,1.9689033,422,2.031097
5.1214509,4.9727777,10.094217,396,4,1.9692203,423,2.03078
5.1324792,4.9861671,10.118635,395,4,1.9695363,424,2.030464
5.1434907,4.9996235,10.143102,394,4,1.969852,425,2.0301484
5.1544972,5.0131481,10.167633,393,4,1.9701675,426,2.0298328
5.1655007,5.0267414,10.19223,392,4,1.9704829,427,2.0295174
5.1765038,5.027546,10.204038,392,4,1.9707984,428,2.029202
5.1875067,5.0412109,10.228706,391,4,1.9711138,429,2.0288865
5.1985098,5.0541075,10.252613,390,4,1.9711,430,2.0288981
5.209952,5.0392012,10.24916,390,4,1.9652813,431,2.0347115
5.2225215,5.0070517,10.22958,391,4,1.9577494,432,2.0422428
5.2362168,4.9861189,10.222343,391,4,1.949564,433,2.0504275
5.250994,4.9509049,10.201907,392,4,1.9407456,434,2.0592453
5.2668125,4.9268481,10.193669,392,4,1.9313147,435,2.0686755
5.2836338,4.8888112,10.172454,393,4,1.9212925,436,2.0786972
5.3014269,4.8495107,10.150947,394,4,1.9106963,437,2.0892928
5.3201669,4.8211967,10.141373,394,4,1.8995401,438,2.1004485
5.3398325,4.7795113,10.119353,395,4,1.8878952,439,2.112093
5.3603891,4.7378518,10.098249,396,4,1.8761776,440,2.1238107
5.3817977,4.7082678,10.090073,396,4,1.8644623,441,2.135526
5.4040303,4.6669011,10.070938,397,4,1.852748,442,2.1472403
5.4270748,4.6376962,10.064774,397,4,1.8411547,443,2.1588346
5.4508263,4.6171941,10.06801,397,4,1.8330205,444,2.1669739
5.4748882,4.6246115,10.099474,396,4,1.8313469,445,2.1686538
5.4984309,4.6499042,10.148311,394,4,1.8320629,446,2.1679378
5.5200235,4.6752497,10.195251,392,4,1.8326985,447,2.1673021
5.5393859,4.6886389,10.228005,391,4,1.8332583,448,2.1667422
5.5565548,4.7140104,10.270548,389,4,1.8337505,449,2.1662499
5.5719342,4.727293,10.299212,388,4,1.8341901,450,2.1658103
5.586029,4.7405489,10.326563,387,4,1.8345928,451,2.1654076
5.5992317,4.7538078,10.353026,386,4,1.8349702,452,2.1650302
5.6118122,4.76709,10.378889,385,4,1.83533,453,2.1646703
5.6239625,4.7801345,10.404086,384,4,1.8355715,454,2.1644284
5.6358005,4.7784138,10.414205,384,4,1.8349098,455,2.1650891
5.6474577,4.7875854,10.435035,383,4,1.8336439,456,2.1663548
5.6589651,4.7974245,10.443854,382,4,1.8326153,457,2.1673839
5.6702749,4.7950542,10.465321,382,4,1.8317097,458,2.1682893
5.6814177,4.8043759,10.485786,381,4,1.8304658,459,2.1695328
5.6924731,4.8001403,10.492607,381,4,1.8288517,460,2.1711466
5.7035246,4.7950639,10.498583,381,4,1.8269173,461,2.1730806
5.7146339,4.8024237,10.517051,380,4,1.8249191,462,2.175079
5.7258158,4.7978464,10.523655,380,4,1.8231801,463,2.1768184
5.7370444,4.8068554,10.543892,379,4,1.821797,464,2.1782018
5.7482877,4.8040204,10.552299,379,4,1.8207228,465,2.1792763
5.7595209,4.8144918,10.574003,378,4,1.8198772,466,2.1801221
5.7707259,4.8254756,10.596192,377,4,1.8192037,467,2.1807957
5.7818923,4.8238793,10.605762,377,4,1.8186019,468,2.1813975
5.7930217,4.8350869,10.628099,376,4,1.817992,469,2.1820073
5.8041216,4.8332965,10.637409,376,4,1.8173188,470,2.1826805
5.8152034,4.8441233,10.659318,375,4,1.8165454,471,2.1834537
5.826268,4.8552091,10.681467,374,4,1.8158477,472,2.1841518
5.8372598,4.8541184,10.691368,374,4,1.8154399,473,2.1845597
5.8481392,4.8657676,10.713898,373,4,1.8149307,474,2.1850687
5.8589444,4.8635774,10.722514,373,4,1.8141134,475,2.1858856
5.8697295,4.8738241,10.743546,372,4,1.8130614,476,2.1869374
5.8805292,4.8706786,10.7512,372,4,1.8118913,477,2.1881076
5.8913599,4.8806191,10.771971,371,4,1.8107085,478,2.1892903
5.9022241,4.8776083,10.779824,371,4,1.8095916,479,2.1904073
5.9131116,4.8880327,10.801136,370,4,1.8085711,480,2.1914279
5.9240072,4.8854844,10.809483,370,4,1.8076283,481,2.1923708
5.9348997,4.8962857,10.831177,369,4,1.8067285,482,2.1932706
5.9457839,4.8938815,10.839657,369,4,1.8058414,483,2.1941577
5.9566594,4.9047523,10.861403,368,4,1.8049479,484,2.1950512
5.9675284,4.9156393,10.883159,367,4,1.8040387,485,2.1959604
5.9783941,4.9131178,10.891504,367,4,1.8031133,486,2.1968858
5.9892589,4.9239811,10.913232,366,4,1.8021761,487,2.1978229
6.0001243,4.9214056,10.921522,366,4,1.8012335,488,2.1987656
6.0109915,4.9323047,10.943288,365,4,1.8002903,489,2.1997088
6.0218599,4.9297216,10.951573,365,4,1.7993474,490,2.2006516
6.0327289,4.9406763,10.973397,364,4,1.7984052,491,2.2015938
6.0435979,4.9380852,10.981675,364,4,1.7974621,492,2.202537
6.0544664,4.9490816,11.00354,363,4,1.7965157,493,2.2034834
6.0653342,4.9464595,11.011785,363,4,1.7955638,494,2.2044352
6.0762014,4.9574762,11.033669,362,4,1.7946054,495,2.2053936
6.0870685,4.9548127,11.041873,362,4,1.7936412,496,2.2063578
6.0979359,4.9658566,11.063784,361,4,1.7926733,497,2.2073258
6.1088039,4.9631702,11.071966,361,4,1.7917035,498,2.2082956
6.1196726,4.9604819,11.080146,361,4,1.790733,499,2.209266
6.1305415,4.9715637,11.102097,360,4,1.789762,500,2.2102371
6.1414107,4.9688648,11.110267,360,4,1.7887904,501,2.2112087
6.1522803,4.980003,11.132275,359,4,1.7878201,502,2.2121789
6.1631508,4.9773112,11.140454,359,4,1.7868538,503,2.2131453
6.1740219,4.9885304,11.162544,358,4,1.7858929,504,2.2141061
6.1848935,4.9858622,11.170748,358,4,1.7849377,505,2.2150613
6.1957651,4.9971668,11.192924,357,4,1.7839876,506,2.2160115
6.2066366,4.9945171,11.201145,357,4,1.7830417,507,2.2169574
6.2175078,5.005899,11.223399,356,4,1.7820991,508,2.2179
6.2283787,5.0032583,11.231629,356,4,1.781159,509,2.21884
6.2392491,5.0147077,11.253949,355,4,1.7802203,510,2.2197788
6.2501189,5.0120608,11.262172,355,4,1.7792807,511,2.2207184
6.2609852,5.0235232,11.2845,354,4,1.7783262,512,2.2216728
6.2718433,5.0207086,11.292544,354,4,1.7773299,513,2.2226692
6.282709,5.032112,11.314815,353,4,1.7763343,514,2.2236645
6.2938548,5.002696,11.296559,354,4,1.7709475,515,2.2290456
6.3059442,4.9822768,11.28823,354,4,1.7637185,516,2.236274
6.3189997,4.9462963,11.265305,355,4,1.7559271,517,2.2440648
6.3328595,4.9343308,11.267175,355,4,1.7516879,518,2.2483126
6.3462673,4.9494588,11.295712,354,4,1.7521088,519,2.2478916
6.3579506,4.964482,11.322421,353,4,1.7524625,520,2.2475378
6.3688677,4.9789534,11.347812,352,4,1.752591,521,2.2474084
6.3795134,4.9743077,11.353819,352,4,1.7509538,522,2.2490437
6.3903991,4.9572819,11.347689,352,4,1.7449565,523,2.2550368
6.4020108,4.9235998,11.325619,353,4,1.7380236,524,2.2619693
6.4143369,4.9027881,11.317134,353,4,1.7306767,525,2.2693158
6.4273497,4.8670502,11.294409,354,4,1.7229278,526,2.2770642
6.4410233,4.8440645,11.285097,354,4,1.7147905,527,2.2852012
6.4553359,4.8064372,11.261783,355,4,1.7062765,528,2.2937148
6.4702678,4.7814249,11.251703,355,4,1.6973968,529,2.3025941
6.4857993,4.7420554,11.227865,356,4,1.6881623,530,2.3118283
6.5019146,4.7019392,11.203865,357,4,1.6785825,531,2.3214077
6.5186007,4.6741593,11.192771,357,4,1.6686648,532,2.3313251
6.5358482,4.6324717,11.168331,358,4,1.6584144,533,2.3415751
6.5536501,4.6029217,11.156584,358,4,1.6478352,534,2.352154
6.5720053,4.5597191,11.131737,359,4,1.6369281,535,2.3630609
6.5909172,4.5158386,11.106768,360,4,1.6256905,536,2.3742981
6.6103929,4.4836967,11.094102,360,4,1.6141191,537,2.3858692
6.6304401,4.4388256,11.069278,361,4,1.6024043,538,2.397584
6.6510496,4.3942076,11.045269,362,4,1.5906915,539,2.4092968
6.6722153,4.3618542,11.03408,362,4,1.5789795,540,2.4210088
6.6939377,4.3175737,11.011522,363,4,1.5672675,541,2.4327207
6.7162193,4.2853078,11.001537,363,4,1.555555,542,2.4444333
6.7390633,4.2413576,10.98043,364,4,1.5438425,543,2.4561458
6.7624013,4.2179261,10.980315,364,4,1.5353207,544,2.4646749
6.7857178,4.2288378,11.014531,363,4,1.5350688,545,2.4649319
6.8078239,4.2541008,11.061902,361,4,1.535731,546,2.4642696
6.8275409,4.2675186,11.095039,360,4,1.5363072,547,2.4636933
6.844907,4.2808025,11.125692,359,4,1.5368086,548,2.4631919
6.8604243,4.2940047,11.154413,358,4,1.5372541,549,2.4627463
6.8746303,4.2951412,11.169757,358,4,1.5376609,550,2.4623395
6.8879215,4.3082376,11.196145,357,4,1.5380412,551,2.4619592
6.9005698,4.3213558,11.221912,356,4,1.538403,552,2.4615974
6.9127905,4.3223383,11.235116,356,4,1.5387528,553,2.4612476
6.9247635,4.3354796,11.26023,355,4,1.5390956,554,2.4609047
6.936564,4.3486809,11.285232,354,4,1.5394334,555,2.460567
6.9480373,4.3496078,11.297633,354,4,1.5397615,556,2.4602389
6.9592652,4.3628406,11.322094,353,4,1.540083,557,2.4599173
6.9704282,4.376144,11.34656,352,4,1.540403,558,2.4595973
6.9815961,4.3770534,11.358637,352,4,1.5407231,559,2.4592772
6.992757,4.3904349,11.38318,351,4,1.541043,560,2.4589573
7.0039072,4.3913453,11.39524,351,4,1.5413625,561,2.4586378
7.0150477,4.4048042,11.41984,350,4,1.5416818,562,2.4583185
7.0261805,4.4183395,11.444508,349,4,1.5420008,563,2.4579995
7.037308,4.4192531,11.456549,349,4,1.5423197,564,2.4576807
7.0484326,4.4328681,11.481289,348,4,1.5426384,565,2.4573619
7.0595559,4.433784,11.493328,348,4,1.5429572,566,2.4570432
7.0706791,4.44748,11.518147,347,4,1.5432759,567,2.4567244
7.0818006,4.461255,11.543044,346,4,1.5435945,568,2.4564058
7.0929176,4.4621755,11.555081,346,4,1.5439131,569,2.4560873
7.1040127,4.4760307,11.580031,345,4,1.5442309,570,2.4557694
7.1150892,4.4769506,11.592028,345,4,1.5445483,571,2.4554521
7.1261456,4.4908858,11.617019,344,4,1.544865,572,2.4551353
7.1371646,4.5048991,11.642052,343,4,1.5451807,573,2.4548196
7.1481623,4.505818,11.653968,343,4,1.5454959,574,2.4545044
7.1591529,4.519914,11.679055,342,4,1.5458109,575,2.4541894
7.1701407,4.5208348,11.690964,342,4,1.5461258,576,2.4538745
7.1811282,4.5350158,11.716132,341,4,1.5464407,577,2.4535596
7.1921153,4.5359393,11.728043,341,4,1.5467556,578,2.4532447
7.2030946,4.5501363,11.753219,340,4,1.5470466,579,2.4529537
7.2140512,4.550582,11.764622,340,4,1.547198,580,2.4528021
7.2249848,4.5639111,11.788885,339,4,1.5471657,581,2.4528341
7.2359019,4.5631919,11.799084,339,4,1.5469217,582,2.4530779
7.2470256,4.5501621,11.797196,339,4,1.542498,583,2.4574951
7.2591133,4.5288444,11.787967,339,4,1.5352707,584,2.4647218
7.2722466,4.5057318,11.777989,339,4,1.527435,585,2.4725569
7.2863958,4.4676825,11.754089,340,4,1.5190033,586,2.4809879
7.3015359,4.4281447,11.729692,341,4,1.509988,587,2.4900027
7.3176445,4.4000305,11.717687,341,4,1.5004005,588,2.4995896
7.3347042,4.357488,11.692205,342,4,1.4902505,589,2.5097391
7.3527063,4.3261793,11.678899,342,4,1.4795423,590,2.5204467
7.3716489,4.2807234,11.652387,343,4,1.4682766,591,2.5317119
7.3915313,4.2342975,11.625842,344,4,1.4565866,592,2.5434017
7.4123381,4.2002443,11.612595,344,4,1.4448723,593,2.555116
7.4340552,4.1541175,11.588184,345,4,1.4331588,594,2.5668295
7.4566719,4.1201662,11.576849,345,4,1.4214456,595,2.5785427
7.4801671,4.0744051,11.554582,346,4,1.4097324,596,2.5902558
7.5043776,4.0714412,11.575792,345,4,1.404648,597,2.5953528
7.5279058,4.0853559,11.613238,344,4,1.4053631,598,2.5946376
7.5484842,4.0990329,11.647496,343,4,1.4059689,599,2.5940317
7.5662295,4.1125253,11.678737,342,4,1.4064841,600,2.5935163
7.5819508,4.1138508,11.695785,342,4,1.4069374,601,2.593063
7.5962897,4.1271226,11.723397,341,4,1.4073492,602,2.5926512
7.609669,4.1403892,11.750044,340,4,1.4077327,603,2.5922677
7.6223743,4.1414596,11.76382,340,4,1.4080966,604,2.5919037
7.6346066,4.1545451,11.78914,339,4,1.4083908,605,2.5916092
7.6464941,4.165264,11.811749,338,4,1.4078583,606,2.5921408
7.6581741,4.1615495,11.819717,338,4,1.4066022,607,2.5933963
7.6697385,4.1571866,11.826917,338,4,1.4051278,608,2.5948709
7.6811569,4.1670233,11.848171,337,4,1.4042862,609,2.5957132
7.6923559,4.165004,11.857352,337,4,1.4036054,610,2.5963937
7.7034045,4.1610534,11.864452,337,4,1.4022734,611,2.597725
7.7144377,4.1681353,11.882568,336,4,1.4004916,612,2.5995065
7.725536,4.1625724,11.888102,336,4,1.3986225,613,2.6013757
7.7367159,4.157807,11.894516,336,4,1.3970217,614,2.6029768
7.7479443,4.1541232,11.902059,336,4,1.3957843,615,2.6042146
7.7591844,4.1637146,11.92289,335,4,1.3948436,616,2.6051556
7.7704089,4.1615335,11.931933,335,4,1.3941131,617,2.6058863
7.7815995,4.1721927,11.953783,334,4,1.3935118,618,2.6064876
7.7927493,4.1704626,11.963203,334,4,1.3929339,619,2.6070655
7.8038627,4.16858,11.972434,334,4,1.3923051,620,2.6076943
7.8149508,4.1788766,11.993819,333,4,1.3915651,621,2.6084341
7.8260163,4.176877,12.002884,333,4,1.3908995,622,2.6091
7.8370028,4.188318,12.025311,332,4,1.3905212,623,2.6094784
7.8478731,4.1868301,12.034694,332,4,1.3900269,624,2.6099724
7.8586685,4.1843812,12.043042,332,4,1.3892136,625,2.6107854
7.8694445,4.1938382,12.063275,331,4,1.3881593,626,2.6118395
7.8802364,4.1902875,12.070517,331,4,1.386984,627,2.6130148
7.8910604,4.1866965,12.07775,331,4,1.3857954,628,2.6142035
7.9019189,4.1959833,12.097895,330,4,1.3846734,629,2.6153255
7.9128013,4.1928819,12.105675,330,4,1.3836501,630,2.616349
7.9236921,4.1900229,12.113707,330,4,1.3827067,631,2.6172924
7.9345796,4.2000264,12.134598,329,4,1.3818078,632,2.6181913
7.9454586,4.197335,12.142785,329,4,1.3809223,633,2.6190768
7.9563287,4.1946248,12.150945,329,4,1.3800306,634,2.6199685
7.9671922,4.2046457,12.17183,328,4,1.3791229,635,2.6208762
7.9780523,4.2018272,12.179871,328,4,1.3781984,636,2.6218007
7.9889115,4.198972,12.187876,328,4,1.3772619,637,2.6227372
7.9997713,4.208931,12.208694,327,4,1.3763195,638,2.6236796
8.010633,4.2060474,12.216672,327,4,1.3753765,639,2.6246225
8.021496,4.2031654,12.224653,327,4,1.3744341,640,2.6255649
8.0323596,4.2131702,12.245522,326,4,1.3734925,641,2.6265065
8.0432232,4.2102796,12.253495,326,4,1.3725502,642,2.6274488
8.0540863,4.2073795,12.261458,326,4,1.3716048,643,2.6283943
8.0649487,4.2044629,12.269404,326,4,1.3706539,644,2.6293451
8.0758105,4.2144539,12.290257,325,4,1.3696966,645,2.6303025
8.0866721,4.2114901,12.298154,325,4,1.3687333,646,2.6312657
8.097534,4.2085142,12.30604,325,4,1.3677662,647,2.6322329
8.1083966,4.2185126,12.326901,324,4,1.3667971,648,2.6332019
8.1192598,4.2155195,12.334771,324,4,1.3658274,649,2.6341717
8.1301233,4.2125248,12.34264,324,4,1.3648571,650,2.635142
8.140987,4.2225608,12.36354,323,4,1.3638862,651,2.6361129
8.1518511,4.2195586,12.371402,323,4,1.3629165,652,2.6370826
8.1627161,4.2165683,12.379277,323,4,1.3619506,653,2.6380484
8.1735818,4.2266804,12.400254,322,4,1.3609901,654,2.6390089
8.1844479,4.2237152,12.408155,322,4,1.3600354,655,2.6399637
8.1953141,4.2207658,12.416072,322,4,1.3590856,656,2.6409134
8.2061801,4.2309691,12.437141,321,4,1.3581401,657,2.6418589
8.2170459,4.2280342,12.445072,321,4,1.357198,658,2.642801
8.2279113,4.2251073,12.453011,321,4,1.3562585,659,2.6437406
8.2387764,4.2221847,12.460953,321,4,1.3553204,660,2.6446787
8.2496407,4.2324451,12.482078,320,4,1.3543815,661,2.6456176
8.2605018,4.2294704,12.489964,320,4,1.3534296,662,2.6465695
8.2713546,4.2263624,12.497709,320,4,1.352435,663,2.647564
8.2822145,4.236519,12.518726,319,4,1.3514486,664,2.6485505
8.2933267,4.2206119,12.513949,319,4,1.3463683,665,2.6536248
8.3053711,4.1849618,12.490344,320,4,1.3391803,666,2.6608122
8.3183837,4.1607324,12.479128,320,4,1.3314263,667,2.6685656
8.3323163,4.1220914,12.454417,321,4,1.3231835,668,2.6768086
8.3467758,4.1296321,12.476392,320,4,1.3214827,669,2.6785177
8.3597816,4.1308637,12.490632,320,4,1.3218767,670,2.6781236
8.3707797,4.1448392,12.515607,319,4,1.322204,671,2.6777963
8.3810142,4.1442387,12.525247,319,4,1.3220109,672,2.6779879
8.3911048,4.1346401,12.525755,319,4,1.3189442,673,2.6810498
8.4016974,4.1148117,12.516519,319,4,1.3126184,674,2.6873751
8.4130109,4.0808934,12.493914,320,4,1.3058789,675,2.6941141
8.4250208,4.0585603,12.483592,320,4,1.298732,676,2.7012607
8.437703,4.0224208,12.460135,321,4,1.2911894,677,2.7088029
8.4510338,3.9977321,12.448778,321,4,1.2832639,678,2.716728
8.4649923,3.9718881,12.436893,321,4,1.2749676,679,2.7250239
8.4795627,3.9326649,12.41224,322,4,1.2663093,680,2.7336819
8.494729,3.9046822,12.399424,322,4,1.2572985,681,2.7426923
8.510477,3.8636307,12.374121,323,4,1.2479432,682,2.7520473
8.5267963,3.83362,12.36043,323,4,1.2382494,683,2.7617407
8.5436794,3.7908383,12.334532,324,4,1.2282214,684,2.7717684
8.5611223,3.758864,12.320001,324,4,1.2178614,685,2.7821281
8.5791226,3.7144048,12.293543,325,4,1.2071707,686,2.7928184
8.5976877,3.669191,12.266894,326,4,1.1961451,687,2.8038437
8.616826,3.6343275,12.251169,326,4,1.1847792,688,2.8152092
8.6365515,3.5875264,12.224094,327,4,1.1731094,689,2.8268789
8.6568679,3.5517114,12.208595,327,4,1.1613979,690,2.8385904
8.6777682,3.5051781,12.182961,328,4,1.1496867,691,2.8503016
8.6992502,3.4694729,12.168737,328,4,1.1379754,692,2.8620129
8.721302,3.4278059,12.149096,329,4,1.1277445,693,2.8722518
8.7432945,3.439306,12.182577,328,4,1.128093,694,2.8719076
8.7631149,3.451619,12.214714,327,4,1.12868,695,2.8713206
8.780255,3.4637402,12.243978,326,4,1.1291798,696,2.8708207
8.7955346,3.4650955,12.260614,326,4,1.1296215,697,2.8703789
8.8095725,3.4769998,12.286558,325,4,1.1300253,698,2.8699751
8.8227477,3.4781625,12.300896,325,4,1.1304032,699,2.8695972
8.835317,3.4900088,12.325312,324,4,1.1307632,700,2.8692371
8.8475023,3.4910859,12.338575,324,4,1.1311122,701,2.8688882
8.8594658,3.5029547,12.362408,323,4,1.1314547,702,2.8685456
8.8712317,3.5039967,12.375216,323,4,1.1317913,703,2.8682091
8.8826349,3.5158914,12.398514,322,4,1.1321174,704,2.867883
8.893853,3.5168889,12.41073,322,4,1.1324386,705,2.8675618
8.905011,3.5286979,12.433697,321,4,1.1327122,706,2.867288
8.9161601,3.5291038,12.445252,321,4,1.1328424,707,2.8671577
8.9273351,3.5295544,12.456878,321,4,1.1329872,708,2.8670131
8.9385398,3.5414826,12.48001,320,4,1.1332748,709,2.8667256
8.9497556,3.5424873,12.492231,320,4,1.1335963,710,2.8664041
8.9609278,3.5545955,12.515511,319,4,1.1339163,711,2.866084
8.972066,3.5555953,12.527649,319,4,1.1342352,712,2.8657651
8.9831882,3.5677778,12.550954,318,4,1.1345537,713,2.8654467
8.994303,3.5687784,12.563069,318,4,1.1348718,714,2.8651285
9.005414,3.5697785,12.57518,318,4,1.1351899,715,2.8648104
9.0165222,3.5820426,12.598553,317,4,1.1355078,716,2.8644925
9.0276278,3.5830452,12.610661,317,4,1.1358257,717,2.8641747
9.0387318,3.5953896,12.634109,316,4,1.1361434,718,2.8638569
9.0498343,3.5963951,12.646217,316,4,1.1364612,719,2.8635391
9.0609357,3.6088208,12.669744,315,4,1.1367789,720,2.8632214
9.0720367,3.6098294,12.681854,315,4,1.1370966,721,2.8629037
9.0831375,3.6108379,12.693963,315,4,1.1374143,722,2.8625861
9.0942368,3.623349,12.717574,314,4,1.1377319,723,2.8622684
9.1053217,3.6243591,12.729669,314,4,1.1380491,724,2.8619512
9.1163876,3.6369503,12.753326,313,4,1.1383658,725,2.8616346
9.1274369,3.6379605,12.765385,313,4,1.138682,726,2.8613184
9.1384532,3.6389677,12.777409,313,4,1.1389972,727,2.8610031
9.149442,3.6516392,12.801069,312,4,1.1393118,728,2.8606886
9.1604154,3.6526461,12.81305,312,4,1.1396259,729,2.8603744
9.171437,3.6624132,12.833851,311,4,1.139007,730,2.8609895
9.1831491,3.6300061,12.813166,312,4,1.1325545,731,2.8674381
9.1960924,3.6052639,12.801369,312,4,1.1248343,732,2.8751577
9.2102381,3.5668283,12.77708,313,4,1.1164085,733,2.8835828
9.2255336,3.537747,12.763295,313,4,1.1073054,734,2.8926852
9.2419237,3.4954334,12.737372,314,4,1.097556,735,2.9024339
9.2593589,3.4624198,12.721795,314,4,1.0871891,736,2.9128002
9.277797,3.4166363,12.69445,315,4,1.0762292,737,2.9237596
9.2972003,3.3800571,12.677275,315,4,1.0647063,738,2.935282
9.3175211,3.3322918,12.649829,316,4,1.0529925,739,2.9469958
9.338697,3.2952274,12.63394,316,4,1.0412801,740,2.9587081
9.360678,3.2478867,12.608579,317,4,1.0295684,741,2.9704199
9.383429,3.2109411,12.594384,317,4,1.0178566,742,2.9821317
9.4069311,3.1640137,12.570958,318,4,1.0061446,743,2.9938436
9.4311823,3.1271822,12.558377,318,4,0.99443223,744,3.0055561
9.456191,3.0806614,12.536864,319,4,0.98271927,745,3.017269
9.4819332,3.0514765,12.533383,319,4,0.97342072,746,3.026579
9.5076824,3.0634881,12.571143,318,4,0.97418994,747,3.0258108
9.5314836,3.0753402,12.606799,317,4,0.97488348,748,3.0251172
9.5527883,3.0870109,12.639777,316,4,0.97549602,749,3.0245046
9.5715372,3.0985113,12.670029,315,4,0.97603155,750,3.0239689
9.5880807,3.1000088,12.688072,315,4,0.97650322,751,3.0234972
9.6029908,3.1112356,12.714211,314,4,0.9769284,752,3.023072
9.6167619,3.1124872,12.729235,314,4,0.97732137,753,3.022679
9.6297403,3.1236155,12.753342,313,4,0.97769203,754,3.0223083
9.6421719,3.1247508,12.766909,313,4,0.97804734,755,3.021953
9.6541865,3.1246672,12.778844,313,4,0.97802021,756,3.0219792
9.6659361,3.1310734,12.797002,312,4,0.9768935,757,3.0231051
9.6775573,3.1264516,12.804001,312,4,0.9754516,758,3.0245471
9.6890373,3.1238499,12.812878,312,4,0.97464065,759,3.0253588
9.7002968,3.1319603,12.832249,311,4,0.97403881,760,3.0259603
9.7114035,3.1281317,12.839529,311,4,0.97284752,761,3.027151
9.7224873,3.1229893,12.845471,311,4,0.97124799,762,3.0287503
9.7336256,3.1175734,12.851193,311,4,0.96956368,763,3.0304347
9.7448396,3.1127485,12.857581,311,4,0.96806347,764,3.0319352
9.756099,3.1192063,12.875297,310,4,0.96695303,765,3.033046
9.7673549,3.11677,12.884116,310,4,0.96619807,766,3.0338013
9.7785687,3.1150478,12.893607,310,4,0.96566433,767,3.0343352
9.789725,3.1134954,12.903211,310,4,0.96518309,768,3.0348164
9.8008283,3.1218092,12.922628,309,4,0.96463843,769,3.035361
9.8118973,3.1195199,12.931409,309,4,0.96393086,770,3.0360684
9.8229529,3.1168869,12.939831,309,4,0.96311732,771,3.0368819
9.8339714,3.1251542,12.959116,308,4,0.96254702,772,3.0374525
9.8448959,3.1235174,12.968404,308,4,0.96204278,773,3.0379566
9.8557381,3.1210857,12.976816,308,4,0.9612935,774,3.0387056
9.8665487,3.1178457,12.984387,308,4,0.96029538,775,3.0397035
9.8773658,3.1242803,13.001639,307,4,0.95915287,776,3.0408459
9.8882093,3.1204283,13.008631,307,4,0.95797031,777,3.0420285
9.8990854,3.116718,13.015796,307,4,0.95683133,778,3.0431676
9.9099876,3.113302,13.023282,307,4,0.9557827,779,3.0442163
9.9209018,3.120323,13.041217,306,4,0.95481791,780,3.0451812
9.9318152,3.1173403,13.049148,306,4,0.95390524,781,3.0460939
9.9427215,3.1144238,13.057137,306,4,0.95301279,782,3.0469863
9.953619,3.1115024,13.065113,306,4,0.95211884,783,3.0478803
9.9645095,3.1187288,13.08323,305,4,0.95121138,784,3.0487877
9.9753959,3.1156991,13.091087,305,4,0.95028728,785,3.0497118
9.9862811,3.1126269,13.0989,305,4,0.94935025,786,3.0506488
9.9971665,3.1095304,13.106689,305,4,0.94840584,787,3.0515932
10.008054,3.1064286,13.114474,305,4,0.94745978,788,3.0525393
10.018942,3.1135365,13.132471,304,4,0.94651416,789,3.0534849
10.029831,3.1104289,13.140252,304,4,0.94556945,790,3.0544296
10.040721,3.1073202,13.148033,304,4,0.94462441,791,3.0553746
10.05161,3.104203,13.155805,304,4,0.94367677,792,3.0563223
10.062498,3.1113039,13.173794,303,4,0.94272413,793,3.0572749
10.073386,3.1081385,13.181516,303,4,0.94176499,794,3.058234
10.084273,3.1049523,13.189217,303,4,0.94079958,795,3.0591995
10.09516,3.1017513,13.196904,303,4,0.93982968,796,3.0601693
10.106049,3.1088028,13.214844,302,4,0.93885747,797,3.0611416
10.116937,3.1055805,13.22251,302,4,0.93788435,798,3.0621147
10.127827,3.1023566,13.230175,302,4,0.93691071,799,3.0630883
10.138716,3.0991303,13.237839,302,4,0.93593637,800,3.0640627
10.149606,3.1061917,13.25579,301,4,0.93496271,801,3.0650363
10.160496,3.1029679,13.263456,301,4,0.93399236,802,3.0660067
10.171387,3.0997616,13.271141,301,4,0.93302727,803,3.0669718
10.182279,3.0965744,13.278846,301,4,0.93206795,804,3.0679311
10.193171,3.0934049,13.286568,301,4,0.93111393,805,3.0688851
10.204063,3.1005511,13.304606,300,4,0.9301644,806,3.0698347
10.214955,3.0973981,13.312345,300,4,0.92921848,807,3.0707806
10.225846,3.0942543,13.320092,300,4,0.92827534,808,3.0717237
10.236737,3.0911162,13.327845,300,4,0.92733391,809,3.0726651
10.247627,3.0983053,13.345925,299,4,0.92639233,810,3.0736067
10.258515,3.0951295,13.353637,299,4,0.92544275,811,3.0745563
10.269394,3.0918112,13.361198,299,4,0.92445055,812,3.0755484
10.280278,3.0884902,13.368761,299,4,0.92345759,813,3.0765414
10.291174,3.0840602,13.375236,299,4,0.9221306,814,3.077866
10.302532,3.0630749,13.365618,299,4,0.91585233,815,3.0841406
10.314858,3.0385347,13.353405,299,4,0.90851426,816,3.0914781
10.32812,3.0021142,13.330247,300,4,0.9006261,817,3.0993657
10.34226,2.9765316,13.318789,300,4,0.89295536,818,3.1070405
10.356536,2.9765198,13.333041,300,4,0.89295634,819,3.1070441
10.368579,2.9876661,13.356233,299,4,0.8933125,820,3.1066878
10.379031,2.9886898,13.36771,299,4,0.89361854,821,3.1063818
10.388778,2.988911,13.377682,299,4,0.89368375,822,3.1063156
10.398293,2.9793006,13.377603,299,4,0.8908051,823,3.1091891
10.408341,2.9592881,13.36764,299,4,0.88482095,824,3.1151729
10.419101,2.9378845,13.356997,299,4,0.87842088,825,3.1215725
10.43055,2.9151252,13.345687,299,4,0.87161543,826,3.1283776
10.442668,2.881411,13.324091,300,4,0.86441591,827,3.1355767
10.455433,2.8561379,13.311584,300,4,0.85683361,828,3.1431586
10.468826,2.8296256,13.298465,300,4,0.84887954,829,3.1511123
10.482828,2.7926019,13.275444,301,4,0.84056469,830,3.1594268
10.497426,2.7638073,13.261248,301,4,0.83189716,831,3.168094
10.51261,2.7248075,13.237432,302,4,0.82288267,832,3.1771081
10.528368,2.6938309,13.222215,302,4,0.81352741,833,3.1864631
10.544696,2.6529539,13.197666,303,4,0.80383516,834,3.196155
10.561588,2.6198612,13.181466,303,4,0.79380773,835,3.2061821
10.579046,2.5771563,13.15622,304,4,0.78344498,836,3.2165445
10.59707,2.541964,13.139052,304,4,0.77274619,837,3.2272429
10.615671,2.4974311,13.11312,305,4,0.76170527,838,3.2382835
10.634864,2.460081,13.094964,305,4,0.75031314,839,3.2496753
10.654667,2.4138583,13.068543,306,4,0.73862893,840,3.2613594
10.675083,2.3755912,13.050692,306,4,0.72691921,841,3.2730691
10.696107,2.3297111,13.025835,307,4,0.7152096,842,3.2847787
10.717735,2.291568,13.009319,307,4,0.70349966,843,3.2964886
10.739965,2.2461075,12.986088,308,4,0.69178939,844,3.3081989
10.76279,2.2100776,12.972874,308,4,0.68069467,845,3.3192961
10.786001,2.1888605,12.974852,308,4,0.67416489,846,3.325831
10.809225,2.1872839,12.996492,307,4,0.67149409,847,3.3285039
10.832281,2.1858371,13.018093,307,4,0.67105265,848,3.328948
10.854434,2.1950577,13.049469,306,4,0.67168826,849,3.3283123
10.873882,2.196867,13.070729,306,4,0.67224181,850,3.3277587
10.890918,2.2056598,13.09656,305,4,0.6727267,851,3.3272738
10.906686,2.2071341,13.113803,305,4,0.67317633,852,3.3268241
10.921613,2.215793,13.13739,304,4,0.67360148,853,3.3263989
10.935677,2.2171102,13.152772,304,4,0.6740019,854,3.3259985
10.948936,2.2256738,13.174596,303,4,0.67437954,855,3.3256208
10.961557,2.2268612,13.188404,303,4,0.67473931,856,3.325261
10.973753,2.2353874,13.209127,302,4,0.67508734,857,3.324913
10.985706,2.2365176,13.222211,302,4,0.67542865,858,3.3245717
10.997481,2.2376308,13.235099,302,4,0.67576483,859,3.3242355
11.008913,2.2461488,13.25505,301,4,0.67609111,860,3.3239092
11.020116,2.2472123,13.267316,301,4,0.67641121,861,3.3235891
11.031268,2.2482715,13.279528,301,4,0.67673006,862,3.3232703
11.04243,2.2568295,13.299247,300,4,0.67704918,863,3.3229511
11.053589,2.257893,13.31147,300,4,0.67736821,864,3.3226321
11.064743,2.2589559,13.323686,300,4,0.67768709,865,3.3223132
11.075889,2.2675768,13.343454,299,4,0.67800578,866,3.3219945
11.087023,2.2686414,13.355652,299,4,0.67832409,867,3.3216762
11.098139,2.2697043,13.367831,299,4,0.67864189,868,3.3213584
11.109239,2.2783858,13.387612,298,4,0.67895927,869,3.321041
11.120329,2.2794498,13.399766,298,4,0.67927636,870,3.320724
11.131404,2.2805125,13.411905,298,4,0.67959306,871,3.3204073
11.142444,2.289254,13.431686,297,4,0.67990876,872,3.3200916
11.153461,2.290315,13.443764,297,4,0.68022387,873,3.3197764
11.164469,2.2913751,13.455832,297,4,0.68053873,874,3.3194616
11.175476,2.2924352,13.467899,297,4,0.68085357,875,3.3191467
11.186483,2.3012436,13.487715,296,4,0.68116843,876,3.3188319
11.197489,2.3023039,13.499781,296,4,0.68148226,877,3.318518
11.208478,2.3031166,13.511583,296,4,0.68172267,878,3.3182775
11.219444,2.3111694,13.530602,295,4,0.68179496,879,3.318205
11.230389,2.3107443,13.541123,295,4,0.68166935,880,3.3183304
11.241322,2.3096012,13.550914,295,4,0.68133193,881,3.3186676
11.252254,2.3156646,13.56791,294,4,0.68080478,882,3.3191946
11.263193,2.3133455,13.57653,294,4,0.68012284,883,3.3198764
11.274143,2.310624,13.584759,294,4,0.67932261,884,3.3206765
11.285106,2.3076069,13.592705,294,4,0.6784355,885,3.3215636
11.296084,2.303357,13.599441,294,4,0.67718369,886,3.322813
11.307512,2.2821394,13.589663,294,4,0.67094191,887,3.329051
11.319919,2.2570467,13.576979,294,4,0.66356407,888,3.3364283
11.333307,2.2224285,13.555749,295,4,0.65560816,889,3.3443836
11.347667,2.1935136,13.541195,295,4,0.64707769,890,3.3529135
11.362996,2.1626539,13.525666,295,4,0.6379735,891,3.3620171
11.379294,2.1226518,13.501963,296,4,0.62829496,892,3.3716951
11.39657,2.0879987,13.484587,296,4,0.61803706,893,3.3819524
11.414842,2.0444441,13.459305,297,4,0.60718873,894,3.3928001
11.434135,2.0058879,13.440043,297,4,0.59573701,895,3.4042513
11.454461,1.9598582,13.414337,298,4,0.58402603,896,3.4159623
11.475789,1.920562,13.396369,298,4,0.57231577,897,3.4276725
11.498079,1.8749746,13.37307,299,4,0.5606057,898,3.4393826
11.521271,1.8358082,13.357095,299,4,0.54889495,899,3.4510933
11.545291,1.7966402,13.341946,299,4,0.53718372,900,3.4628046
11.570049,1.7516126,13.321675,300,4,0.52547207,901,3.4745162
11.595435,1.7125724,13.308021,300,4,0.51375999,902,3.4862283
11.621336,1.6735287,13.294878,300,4,0.50204689,903,3.4979414
11.647661,1.6290566,13.27673,301,4,0.49033433,904,3.509654
11.674358,1.5901403,13.26451,301,4,0.47862052,905,3.5213678
11.701415,1.5512261,13.252653,301,4,0.46690734,906,3.533081
11.728855,1.5073007,13.236167,302,4,0.45519319,907,3.5447952
11.756551,1.5002878,13.256809,301,4,0.45158742,908,3.5484134
11.782859,1.5027887,13.285622,301,4,0.4523401,909,3.5476606
11.804627,1.5098569,13.314463,300,4,0.45295761,910,3.5470429
11.822228,1.5165788,13.338789,299,4,0.45345752,911,3.5465429
11.837736,1.5180608,13.355781,299,4,0.45390061,912,3.5460998
11.85269,1.5193714,13.372046,299,4,0.45429222,913,3.545708
11.867366,1.5228482,13.390204,298,4,0.45380765,914,3.5461912
11.881938,1.5163668,13.398301,298,4,0.45187437,915,3.5481227
11.896695,1.499904,13.39661,298,4,0.44696386,916,3.5530286
11.912177,1.4645716,13.376765,299,4,0.43789743,917,3.5620931
11.928623,1.4319124,13.360552,299,4,0.42813177,918,3.5718582
11.946024,1.3988783,13.344905,299,4,0.41825806,919,3.5817354
11.96327,1.3978921,13.361146,299,4,0.41797016,920,3.5820303
11.976654,1.3991916,13.375831,299,4,0.41835865,921,3.5816417
11.989147,1.4050994,13.394233,298,4,0.41871998,922,3.5812804
12.001371,1.4055827,13.406942,298,4,0.4188634,923,3.5811363
12.013448,1.4039294,13.417367,298,4,0.41837036,924,3.581629
12.025444,1.4064601,13.431894,297,4,0.41771796,925,3.5822814
12.037373,1.4041552,13.441519,297,4,0.41703342,926,3.5829659
12.049236,1.4019099,13.451137,297,4,0.4163666,927,3.5836328
12.061029,1.3997923,13.460811,297,4,0.4157377,928,3.5842617
12.072745,1.4024446,13.47518,296,4,0.41512299,929,3.5848764
12.084384,1.4003505,13.484725,296,4,0.4145031,930,3.5854963
12.095952,1.3980601,13.494003,296,4,0.41382509,931,3.5861742
12.10746,1.3955749,13.503026,296,4,0.41308941,932,3.5869098
12.118916,1.3930784,13.511985,296,4,0.41235058,933,3.5876488
12.130296,1.3963861,13.526672,295,4,0.41193364,934,3.5880661
12.141547,1.3956083,13.537145,295,4,0.41170419,935,3.5882956
12.152667,1.3943411,13.546999,295,4,0.41133007,936,3.5886694
12.163708,1.3918334,13.555534,295,4,0.41058996,937,3.5894091
12.174733,1.3931034,13.567829,294,4,0.4095713,938,3.5904276
12.185778,1.3891766,13.574948,294,4,0.40841675,939,3.5915821
12.196859,1.3851739,13.582026,294,4,0.40723996,940,3.5927589
12.207972,1.381323,13.589288,294,4,0.40610787,941,3.593891
12.219107,1.3776774,13.596777,294,4,0.4050361,942,3.5949628
12.230257,1.3741459,13.604395,294,4,0.40399786,943,3.5960011
12.241415,1.3753547,13.616762,293,4,0.40297792,944,3.5970211
12.252576,1.3722183,13.624786,293,4,0.40205913,945,3.5979401
12.263704,1.3695602,13.633256,293,4,0.40128036,946,3.5987189
12.274784,1.366894,13.64167,293,4,0.40049917,947,3.5995
12.285834,1.3640516,13.649877,293,4,0.39966623,948,3.6003329
12.297014,1.3507242,13.64775,293,4,0.39575535,949,3.6042378
12.30905,1.3263227,13.635385,293,4,0.38860512,950,3.6113874
12.322043,1.2999911,13.622048,293,4,0.3808894,951,3.6191026
12.335946,1.2674994,13.60346,294,4,0.37263632,952,3.6273552
12.350539,1.2541,13.604623,294,4,0.36870584,953,3.6312946
12.363575,1.2596666,13.62323,293,4,0.36908265,954,3.6309177
12.373422,1.2606379,13.634051,293,4,0.36936718,955,3.6306331
12.381906,1.2614733,13.643371,293,4,0.3696119,956,3.6303883
12.389169,1.2621856,13.651347,293,4,0.36982056,957,3.6301796
12.395568,1.2667178,13.662283,292,4,0.36988095,958,3.6301184
12.401988,1.255356,13.657351,292,4,0.36655992,959,3.6334361
12.409127,1.2365991,13.645734,293,4,0.36231908,960,3.6376765
12.416992,1.220665,13.637665,293,4,0.35764998,961,3.6423451
12.425564,1.2033007,13.628874,293,4,0.35256181,962,3.6474329
12.434828,1.1845389,13.619377,293,4,0.34706421,963,3.6529301
12.444766,1.1604524,13.605229,294,4,0.34116691,964,3.658827
12.455363,1.1390678,13.594442,294,4,0.33487946,965,3.6651141
12.466603,1.1163875,13.583002,294,4,0.32821106,966,3.6717821
12.478471,1.09244,13.570924,294,4,0.32117014,967,3.6788226
12.490954,1.0636358,13.554603,295,4,0.31376496,968,3.6862275
12.50404,1.0373229,13.541376,295,4,0.30600232,969,3.6939897
12.517719,1.0098181,13.527551,295,4,0.29788806,970,3.7021037
12.531984,0.97787178,13.509869,296,4,0.28944178,971,3.71055
12.546503,0.97402466,13.520512,295,4,0.28733769,972,3.7126627
12.559712,0.97531754,13.535016,295,4,0.28771902,973,3.7122813
12.571146,0.97643475,13.547568,295,4,0.28804857,974,3.7119517
12.581965,0.97207592,13.55404,295,4,0.28675946,975,3.7132376
12.592742,0.95858487,13.551332,295,4,0.28277784,976,3.7172175
12.603804,0.94201239,13.545821,295,4,0.27788899,977,3.7221063
12.615136,0.9286046,13.54374,295,4,0.27393509,978,3.7260616
12.626523,0.91930517,13.545824,295,4,0.27119267,979,3.728805
12.637824,0.9116808,13.549501,295,4,0.26894353,980,3.7310542
12.649043,0.90325233,13.552293,295,4,0.2664568,981,3.7335406
12.660251,0.89397878,13.554228,295,4,0.26372094,982,3.7362763
12.671493,0.88446242,13.555954,295,4,0.26091362,983,3.7390836
12.682789,0.8752012,13.557988,295,4,0.2581817,984,3.7418156
12.694132,0.86949084,13.56362,294,4,0.25562786,985,3.7443697
12.705507,0.8615509,13.567054,294,4,0.25329374,986,3.746704
12.716896,0.85433395,13.571226,294,4,0.25117216,987,3.7488258
12.728286,0.84774099,13.576022,294,4,0.24923399,988,3.7507641
12.73967,0.84166667,13.581331,294,4,0.24744828,989,3.75255
12.751047,0.83603524,13.587076,294,4,0.24579277,990,3.7542056
12.762417,0.830811,13.593222,294,4,0.24425696,991,3.7557416
12.773784,0.82599122,13.599769,294,4,0.24284006,992,3.7571586
12.785151,0.82439743,13.609542,293,4,0.24154722,993,3.7584516
12.79652,0.82047916,13.616991,293,4,0.24039938,994,3.7595996
12.807871,0.81790678,13.625768,293,4,0.23964618,995,3.7603533
12.819151,0.81669021,13.635831,293,4,0.23928998,996,3.7607098
12.830341,0.81592185,13.646252,293,4,0.23906488,997,3.7609349
12.841455,0.81791535,13.65936,292,4,0.23883102,998,3.7611687
12.852523,0.81695853,13.669472,292,4,0.2385516,999,3.7614481
12.863574,0.81594702,13.679511,292,4,0.23825624,1000,3.7617435
12.874627,0.81505822,13.689675,292,4,0.23799678,1001,3.762003
12.885693,0.81727306,13.702956,291,4,0.23782635,1002,3.7621735
12.896773,0.8171167,13.713878,291,4,0.23778098,1003,3.762219
12.907862,0.81741393,13.725265,291,4,0.2378676,1004,3.7621325
12.918957,0.81814727,13.737092,291,4,0.23808113,1005,3.7619191
12.930053,0.82203541,13.752077,290,4,0.23839059,1006,3.7616097
12.941144,0.82312812,13.76426,290,4,0.23870747,1007,3.7612928
12.952213,0.82421842,13.776419,290,4,0.23902366,1008,3.7609767
12.96327,0.82530734,13.788565,290,4,0.23933944,1009,3.7606609
12.97432,0.82925507,13.803563,289,4,0.23965503,1010,3.7603453
12.985368,0.83034673,13.815703,289,4,0.23997052,1011,3.7600298
12.996417,0.83143845,13.827843,289,4,0.24028603,1012,3.7597143
13.007469,0.83253035,13.839987,289,4,0.24060159,1013,3.7593987
13.018521,0.83651682,13.855026,288,4,0.24091716,1014,3.7590832
13.029574,0.83761253,13.867174,288,4,0.24123272,1015,3.7587676
13.040626,0.83870817,13.879322,288,4,0.24154827,1016,3.758452
13.051677,0.84272989,13.894394,287,4,0.24186379,1017,3.7581365
13.062727,0.84382919,13.906544,287,4,0.24217929,1018,3.757821
13.073776,0.84492843,13.918692,287,4,0.24249477,1019,3.7575055
13.084824,0.84602758,13.930839,287,4,0.24281023,1020,3.7571901
13.095871,0.85008862,13.945947,286,4,0.24312566,1021,3.7568747
13.106916,0.85119146,13.958096,286,4,0.24344107,1022,3.7565592
13.117962,0.85229428,13.970244,286,4,0.24375648,1023,3.7562438
13.129006,0.8533971,13.982391,286,4,0.24407189,1024,3.7559284
13.14005,0.8574982,13.997536,285,4,0.2443873,1025,3.755613
13.151092,0.85860499,14.009685,285,4,0.24470274,1026,3.7552976
13.162133,0.85971162,14.021833,285,4,0.24501813,1027,3.7549822
13.173173,0.86081809,14.033979,285,4,0.24533347,1028,3.7546668
13.184212,0.86495956,14.049159,284,4,0.24564883,1029,3.7543515
13.195251,0.86606999,14.061309,284,4,0.24596419,1030,3.7540361
13.206278,0.86704588,14.073312,284,4,0.24624125,1031,3.753759
13.217279,0.87057457,14.087842,283,4,0.24637264,1032,3.7536274
13.228256,0.87032047,14.098566,283,4,0.24630051,1033,3.7536993
13.23922,0.86927108,14.108481,283,4,0.24600331,1034,3.7539963
13.250182,0.86751186,14.117685,283,4,0.24550527,1035,3.7544941
13.261152,0.86517721,14.126321,283,4,0.24484442,1036,3.7551548
13.272134,0.86546362,14.137589,282,4,0.24405991,1037,3.7559393
13.283129,0.86236076,14.145482,282,4,0.24318482,1038,3.7568143
13.294136,0.85902579,14.153155,282,4,0.24224431,1039,3.7577547
13.305154,0.85552443,14.160671,282,4,0.24125688,1040,3.7587421
13.316179,0.85190858,14.168081,282,4,0.24023719,1041,3.7597618
13.327212,0.84822533,14.17543,282,4,0.2391985,1042,3.7608005
13.338251,0.84452252,14.182766,282,4,0.23815431,1043,3.7618447
13.349296,0.84384306,14.193132,281,4,0.23711887,1044,3.7628801
13.360414,0.83367315,14.194099,281,4,0.23425541,1045,3.7657378
13.372286,0.80572943,14.178029,282,4,0.22720836,1046,3.7727843
13.385164,0.77863541,14.163814,282,4,0.21956725,1047,3.7804248
13.399055,0.74941263,14.148484,282,4,0.21132582,1048,3.7886656
13.413975,0.71549194,14.129484,283,4,0.20247506,1049,3.7975158
13.429944,0.68202227,14.111984,283,4,0.19300252,1050,3.8069877
13.446983,0.64630841,14.093311,283,4,0.18289485,1051,3.8170947
13.465112,0.60616903,14.071301,284,4,0.17214092,1052,3.827848
13.484339,0.56601378,14.050374,284,4,0.16073621,1053,3.8392521
13.504644,0.52294617,14.02761,285,4,0.14902795,1054,3.8509603
13.525952,0.48186395,14.007835,285,4,0.13731952,1055,3.8626688
13.548185,0.44078131,13.988985,285,4,0.12561097,1056,3.8743773
13.571246,0.39829859,13.969562,286,4,0.11390169,1057,3.8860866
13.595023,0.35735468,13.952394,286,4,0.10219173,1058,3.8977966
13.619396,0.31530591,13.934718,287,4,0.090481086,1059,3.9095072
13.644272,0.27450317,13.918791,287,4,0.078770697,1060,3.9212176
13.669591,0.23369734,13.903303,287,4,0.067059426,1061,3.9329289
13.69533,0.19222084,13.887565,288,4,0.055347889,1062,3.9446404
13.7215,0.15155555,13.873069,288,4,0.043636286,1063,3.956352
13.748145,0.11238825,13.860533,288,4,0.032359987,1064,3.9676322
13.774916,0.10976048,13.884647,288,4,0.031611761,1065,3.968389
13.798865,0.11247911,13.91132,287,4,0.032282102,1066,3.9677185
13.817837,0.11433833,13.932157,287,4,0.032815579,1067,3.9671849
13.833774,0.11631929,13.950077,286,4,0.033267754,1068,3.9667327
13.848857,0.11782124,13.966661,286,4,0.033697299,1069,3.9663031
13.863612,0.11758999,13.98119,286,4,0.033630025,1070,3.9663693
13.878202,0.11304428,13.99124,285,4,0.032215384,1071,3.9677824
13.892869,0.1000627,13.992936,285,4,0.028512161,1072,3.9714821
13.908097,0.070959921,13.979074,286,4,0.020285232,1073,3.9797055
13.924273,0.037425472,13.961716,286,4,0.010693808,1074,3.9892963
13.941409,0.00190036,13.943328,286,4,0.000533059,1075,3.9994565
